"t","x1","x2","y1","y2"
0,0.02,0.015,0.04,0.03
1,0.03215362445246088,0.017070359836316135,0.038747202768651796,0.029340156814071733
2,0.04289164830973262,0.018943401366104857,0.037666992854793906,0.028744799809897525
3,0.05239531817956758,0.020638866597421972,0.03673863491855041,0.028207724953233978
4,0.060821344723113305,0.02217446785013897,0.03594391423283699,0.02772333966246133
5,0.06830543945640394,0.023566097615609436,0.03526683141343053,0.027286603800822797
6,0.0749654608090245,0.024828032070834203,0.03469331674557521,0.026892971379823955
7,0.08090387160892484,0.025973097915498445,0.03421099871900769,0.026538342293116326
8,0.08620990402739173,0.027012825394254314,0.03380899445408058,0.026219017690540226
9,0.09096129309913398,0.027957575386198398,0.03347773740021157,0.025931662674853577
10,0.09522604967958676,0.028816684052803965,0.03320879178380964,0.025673262925220923
11,0.09906355158809356,0.02959854950155228,0.032994737879086175,0.02544109886200659
12,0.10252575796985607,0.030310733850266933,0.03282904162880715,0.025232714852929158
13,0.1056581650605548,0.030960048590621063,0.032705948576269794,0.025045893209952003
14,0.10850064292979254,0.03155263222289797,0.032620389390237925,0.024878630373510978
15,0.11108815847456369,0.032094018767147174,0.03256789705913075,0.024729115801172583
16,0.11345140668050487,0.03258920043261352,0.03254453338962552,0.024595712520553994
17,0.1156173135025295,0.03304267737148588,0.0325468301205301,0.024476941689426802
18,0.11760952326024329,0.03345851085628461,0.03257173007487626,0.02437146585734545
19,0.11944875233521746,0.033840356654314487,0.03261654582027964,0.0242780786615805
20,0.12115339400470863,0.03419154307669205,0.0326788838955445,0.024195679766641557
21,0.12273934974992097,0.0345150357897636,0.03275666804196565,0.024123286595276072
22,0.12422082819966465,0.03481354731488706,0.032848038291617705,0.024059998955416044
23,0.12561019852046654,0.03508950949480653,0.032951370296078225,0.024005008144775835
24,0.12691834348926526,0.03534511925314906,0.03306523096495654,0.023957582235379662
25,0.1281549271931271,0.035582377662457865,0.03318834420735621,0.02391705337679425
26,0.12932831254406857,0.0358030701388571,0.033319602140587386,0.023882824423441498
27,0.1304459772054183,0.03600883137748213,0.033458011560672664,0.02385434772509279
28,0.13151443831151763,0.03620112916711034,0.03360270389647608,0.023831130506872005
29,0.13253941532333807,0.03638128771412855,0.03375291436335403,0.023812727293086016
30,0.13352598540063643,0.036550514302560816,0.033907961730583705,0.02379873114154044
31,0.13447857395944446,0.0367098921851387,0.03406724991724852,0.023788776083556996
32,0.1354011034487213,0.036860408127439265,0.03423024848580211,0.02378252802849454
33,0.13629699744207868,0.037002949002021716,0.03439649232626885,0.023779685955793533
34,0.13716928618025861,0.03713832216060717,0.03456556781404158,0.023779975175735955
35,0.13802061663573975,0.037267253984297276,0.03473711164767285,0.023783147858751966
36,0.13885332797935473,0.037390405262344564,0.03491080092499123,0.023788977936443873
37,0.1396694653929259,0.03750837111306025,0.03508635143970701,0.023797261164470354
38,0.14047083409849395,0.03762169257328925,0.03526351056689892,0.023807811273081826
39,0.14125901231245805,0.03773085728642417,0.035442055632915484,0.0238204597627917
40,0.14203539036903073,0.03783630821783033,0.03562178875765873,0.023835053005710333
41,0.14280118469727007,0.037938444985516524,0.03580253507113917,0.0238514518210622
42,0.14355746495778388,0.03803763029694486,0.03598413912836303,0.023869529330631658
43,0.14430516709034963,0.03813419160596758,0.036166463231615764,0.023889170419419334
44,0.145045112509827,0.03822842585752767,0.03634938489125859,0.023910270153100086
45,0.14577801972803073,0.03832060130787843,0.03653279532264956,0.023932733179204087
46,0.14650451768371778,0.038410960968484946,0.03671659768049965,0.023956472577207
47,0.14722515654886179,0.03849972451160481,0.036900705656291215,0.023981409228413915
48,0.1479404173077656,0.0385870909029497,0.037085042206288416,0.024007470935920427
49,0.14865072023434042,0.03867324001103078,0.0372695384507369,0.024034591890768443
50,0.14935642562255144,0.03875833280944574,0.03745413358283183,0.024062712602454468
51,0.15005786006450908,0.03884251892110933,0.03763877135863643,0.024091777379949712
52,0.1507552918484373,0.03892592793949453,0.03782340345162174,0.024121737235666213
53,0.1514489705831989,0.039008683054718774,0.038007984075251564,0.024152545324444212
54,0.15213909715964685,0.03909088975457509,0.038192474113296286,0.02418416072679923
55,0.15282585768756538,0.039172647782677254,0.03837683649153701,0.024216544446571894
56,0.15350940446087274,0.0392540442383066,0.038561038799784064,0.02424966171874748
57,0.15418987161127132,0.03933515862212984,0.03874505117280332,0.02428348032246505
58,0.15486737536566958,0.03941606325053334,0.03892884624869789,0.024317970441010917
59,0.15554201120140299,0.039496821296124675,0.03911239961601431,0.024353105317951953
60,0.1562138660837797,0.039577492279380254,0.03929568807354697,0.02438885941861679
61,0.15688300736115915,0.03965812673227202,0.03947869125375729,0.024425210214807393
62,0.1575494974226652,0.039738772755934265,0.039661389517260226,0.02446213599136561
63,0.15821338366826185,0.03981947122874815,0.039843765436618876,0.024499617447413035
64,0.15887470747149574,0.039900259450699374,0.04002580252876058,0.02453763647755668
65,0.15953350532863364,0.03998117248747397,0.04020748502704505,0.024576175723063424
66,0.1601898011742896,0.04006223860617262,0.0403887991151612,0.024615220094926598
67,0.16084361757297572,0.04014348488233109,0.04056973123421723,0.024654754901178834
68,0.16149497173530566,0.040224935517279084,0.04075026866457244,0.0246947664092027
69,0.16214387410890596,0.04030661025630687,0.04093039985018898,0.024735242371180063
70,0.16279033457890127,0.04038852833017379,0.04111011335008489,0.024776170710392027
71,0.1634343580807305,0.04047070582796603,0.04128939857846857,0.0248175403969278
72,0.16407594655800792,0.04055315631222708,0.041468245560866944,0.024859341240640456
73,0.16471510131432798,0.0406358928847571,0.04164664444426723,0.024901563204651065
74,0.165351819654637,0.040718925694907614,0.04182458616237853,0.024944197233666515
75,0.1659860978487776,0.04080226368623742,0.04200206193252817,0.02498723467184748
76,0.1666179313181937,0.040885915128862256,0.042179063149108784,0.02503066708733961
77,0.1672473131170688,0.04096988595289701,0.0423555818073341,0.025074486824589244
78,0.16787423607704943,0.04105418162921946,0.04253161001310159,0.02511868637961308
79,0.1684986920180023,0.04113880680235409,0.04270714010341804,0.02516325852351708
80,0.16912067162581265,0.04122376423253377,0.04288216489931879,0.025208196650628227
81,0.16974016560929575,0.04130905641879293,0.04305667728234145,0.02525349424104184
82,0.17035716455984798,0.041394685762430196,0.043230670174353086,0.025299144807674857
83,0.17097165793890318,0.0414806531697522,0.043404136958789745,0.025345142360260163
84,0.1715836346035305,0.0415669583976869,0.043577071312305427,0.0253914812884157
85,0.1721930834121156,0.0416536011777985,0.043749466915586774,0.025438155990056565
86,0.17279999383934352,0.04174058129765624,0.04392131748813439,0.025485160845643517
87,0.17340435518063063,0.04182789733868269,0.04409261713695913,0.025532490636256372
88,0.17400615630347332,0.04191554738981313,0.044263360094153895,0.025580140305883996
89,0.17460538619819146,0.042003529589038247,0.04443354059021307,0.025628104782824804
90,0.1752020345966484,0.04209184181916579,0.04460315303561023,0.025676379084485213
91,0.17579609105238686,0.04218048110648502,0.044772192113231864,0.025724958512894677
92,0.17638754505536888,0.0422694444043239,0.04494065252315205,0.02577383839406538
93,0.1769763863374735,0.0423587286983894,0.045108529021385894,0.025823014046965933
94,0.17756260508040586,0.04244833041079042,0.0452758166680813,0.025872480984511743
95,0.17814619144518637,0.04253824564458865,0.045442510620064325,0.02592223482519496
96,0.1787271357190981,0.04262847049368842,0.04560860606244692,0.02597227119253259
97,0.17930542926858442,0.04271900085384693,0.04577409846511069,0.026022585792751737
98,0.17988106313807373,0.042809832437094325,0.0459389833000905,0.026073174387950995
99,0.18045402821237766,0.04290096094931998,0.04610325601001897,0.02612403273975329
100,0.1810243153814283,0.042992382094975905,0.04626691203909823,0.0261751566103515
101,0.18159191731205804,0.043084091079722914,0.04642994737616874,0.02622654195972511
102,0.18215682718438694,0.04317608296513756,0.04659235816739893,0.026278184804987607
103,0.18271903713830726,0.043268353104797284,0.04675414024011664,0.026330081047464815
104,0.18327853931371124,0.043360896852279535,0.04691528942164972,0.026382226588482566
105,0.18383532660856983,0.04345370934105544,0.047075801800472904,0.02643461742131176
106,0.1843893941841384,0.04354678504745694,0.04723567424472892,0.026487249813730285
107,0.1849407356989186,0.043640118884136915,0.04739490310488408,0.026540119851251518
108,0.1854893446622594,0.04373370580705436,0.04755348468002379,0.02659322360129858
109,0.18603521472709564,0.04382754075402179,0.04771141531290535,0.02664655714161162
110,0.1865783421803691,0.04392161832996412,0.047868692147423605,0.02670011673919148
111,0.18711872271174546,0.04401593321529045,0.04802531214581089,0.026753898618123058
112,0.18765635129453895,0.044110480180942845,0.04818127205242007,0.026807898951019423
113,0.18819122290206383,0.044205253997863375,0.048336568611604,0.02686211391049364
114,0.18872333308383532,0.04430024945178111,0.04849119872874073,0.02691653969010641
115,0.18925267924247305,0.044395461225772294,0.04864515985147066,0.02697117258585726
116,0.1897792590143674,0.04449088391207828,0.048798449508489404,0.02702600892485249
117,0.19030307003378816,0.044586512102542275,0.048951065227955816,0.02708104503420158
118,0.19082410993500518,0.04468234038900746,0.04910300453802873,0.027136277241014
119,0.19134237635228826,0.044778363363317024,0.049254264966867016,0.02719170187239923
120,0.19185786675959055,0.044874575682350745,0.04940484399610043,0.02724731523846998
121,0.19237057907146454,0.04497097218852871,0.049554739245212996,0.027303113647205647
122,0.19288051281357776,0.04506754751326821,0.049703948813409095,0.02735909351805023
123,0.1933876676148614,0.045164296265288305,0.04985247083038928,0.02741525127882215
124,0.19389204310424657,0.04526121305330805,0.0500003034258541,0.027471583357339832
125,0.19439363891066447,0.045358292486046496,0.05014744472950409,0.027528086181421687
126,0.19489245462675991,0.045455529192776296,0.05029389286069198,0.027584756173521296
127,0.19538848992744973,0.045552918099577906,0.050439645972064816,0.027641589709068375
128,0.19588174581916648,0.045650454093038986,0.0505847026164438,0.02769858323717037
129,0.19637222355600636,0.045748132001067934,0.050729061419613294,0.02775573322948638
130,0.19685992439206568,0.04584594665157314,0.050872721007357645,0.027813036157675507
131,0.19734484958144063,0.045943892872463,0.051015680005461195,0.02787048849339685
132,0.1978270003778758,0.0460419654915989,0.051157937039648674,0.02792808670838448
133,0.19830637824981887,0.0461401593407897,0.05129949081837327,0.027985827316193375
134,0.1987829858009243,0.04623846931602975,0.051440340406379084,0.028043706898140116
135,0.19925682595918567,0.04633689033738617,0.05158048495946614,0.028101722034598053
136,0.19972790165259663,0.0464354173249261,0.05171992363343444,0.028159869305940534
137,0.20019621580915078,0.04653404519871667,0.051858655584083986,0.028218145292540915
138,0.20066177135684174,0.046632768878825004,0.051996679967214784,0.02827654657477254
139,0.20112457126718455,0.04673158331539455,0.05213399596343346,0.02833506974322218
140,0.20158461935919567,0.04683048357721224,0.05227060304604171,0.028393711455473095
141,0.20204192005713012,0.04692946474146841,0.052406500866256915,0.028452468395399572
142,0.2024964777938899,0.0470285218842262,0.05254168907732995,0.028511337246899294
143,0.20294829700237701,0.04712765008154877,0.05267616733251166,0.028570314693869947
144,0.20339738211549346,0.04722684440949927,0.05280993528505292,0.02862939742020921
145,0.20384373746817147,0.04732609996032728,0.05294299255932813,0.02868858210396178
146,0.20428736752326696,0.047425412008043594,0.05307533884070638,0.028747865434263813
147,0.20472827820601658,0.047524775901644334,0.053206974281932426,0.028807244192999914
148,0.20516647561058315,0.04762418698495648,0.05333789908815209,0.028866715172533378
149,0.20560196583112952,0.047723640601807046,0.053468113464511184,0.0289262751652275
150,0.2060347549618186,0.047823132096023,0.053597617616155536,0.02898592096344557
151,0.20646484909681317,0.04792265681143134,0.053726411748230965,0.029045649359550896
152,0.20689225433027614,0.04802221009185905,0.053854496065883294,0.029105457145906764
153,0.20731697675637034,0.04812178728113312,0.05398187077425834,0.02916534111487647
154,0.20773902239364794,0.048221383787803745,0.054108536081649686,0.029225298082645394
155,0.20815839809652134,0.04832099525319626,0.05423449251833373,0.029285324968303997
156,0.2085751115293322,0.048420617344294294,0.054359740851371956,0.02934541871344969
157,0.20898917036546444,0.048520245727169835,0.0544842818500186,0.029405576259468418
158,0.20940058227830202,0.04861987606789487,0.05460811628352789,0.029465794547746126
159,0.20980935494122885,0.04871950403254139,0.05473124492115406,0.029526070519668757
160,0.21021549602762885,0.04881912528718139,0.054853668532151366,0.029586401116622255
161,0.210619013210886,0.048918735497886855,0.054975387885774024,0.02964678327999257
162,0.21101991415393181,0.04901833033051829,0.05509640374931125,0.02970721395229968
163,0.21141820644571416,0.04911790550949706,0.05521671693782184,0.02976769015879664
164,0.21181389869613354,0.04921745694687492,0.05533632862978009,0.029828209021666646
165,0.21220699984736566,0.049316980589397603,0.055455240094853045,0.029888767661835833
166,0.2125975188415862,0.04941647238381087,0.05557345260270771,0.029949363200230325
167,0.2129854646209709,0.049515928276860445,0.05569096742301113,0.030009992757776254
168,0.21337084612769538,0.04961534421529208,0.05580778582543031,0.030070653455399745
169,0.2137536723039354,0.049714716145851524,0.05592390907963231,0.030131342414026933
170,0.21413395209186667,0.04981404001528452,0.05603933845528414,0.03019205675458394
171,0.2145116943833072,0.04991331178543004,0.05615407521020545,0.03025279360485021
172,0.2148869082670721,0.05001252760831404,0.05626812071783375,0.030313550191842047
173,0.21525960365755664,0.05011168375181777,0.05638147664681202,0.03037432381395588
174,0.21562979054548792,0.05021077648395301,0.05649414469013644,0.03043511177083643
175,0.21599747892159288,0.050309802072731516,0.056606126540803194,0.030495911362128418
176,0.2163626787765986,0.05040875678616506,0.05671742389180847,0.030556719887476557
177,0.2167254001012321,0.050507636892265416,0.056828038436148455,0.030617534646525568
178,0.21708565288622036,0.050606438659044344,0.05693797186681934,0.030678352938920173
179,0.2174434471222905,0.05070515835451361,0.05704722587681732,0.030739172064305084
180,0.217798792709945,0.05080379231322377,0.05715580213713185,0.03079998934230107
181,0.21815169999309927,0.05090233711761085,0.0572637025119003,0.03086080220700333
182,0.2185021797993941,0.05100078939295739,0.057370929042322175,0.03092160813321092
183,0.2188502429602237,0.051099145764156965,0.0574774837708642,0.03098240459577188
184,0.21919590030698227,0.05119740285610319,0.057583368739993104,0.031043189069534256
185,0.21953916267106396,0.051295557293689654,0.0576885859921756,0.031103959029346092
186,0.21988004088386298,0.05139360570180995,0.05779313756987841,0.031164711950055435
187,0.22021854577677352,0.05149154470535768,0.05789702551556827,0.031225445306510332
188,0.2205546881671552,0.05158937092853899,0.0580002518689256,0.03128615657469162
189,0.2208884786450338,0.05168708105453256,0.0581028186714626,0.03134684330887193
190,0.22121992835889584,0.05178467197625468,0.058204728197740654,0.03140750317418591
191,0.22154904867912517,0.05188214062563383,0.05830598278522766,0.031468133841920314
192,0.22187585097610563,0.0519794839345985,0.05840658477139152,0.03152873298336189
193,0.22220034662022098,0.05207669883507719,0.05850653649370014,0.03158929826979739
194,0.22252254698185508,0.05217378225899839,0.05860584028962142,0.03164982737251355
195,0.22284246343139177,0.052270731138290574,0.058704498496623285,0.03171031796279714
196,0.22316010733921482,0.05236754240488225,0.05880251345217362,0.031770767711934905
197,0.22347549000235345,0.05246421299424935,0.0588998874807233,0.03183117429963589
198,0.22378862256781382,0.052560739975278103,0.058996622953883436,0.03189153551875479
199,0.2240995166626727,0.0526571205686808,0.05909272243082967,0.03195184924011788
200,0.22440818396961257,0.052753352002551095,0.05918818848649484,0.03201211333582398
201,0.22471463617131598,0.052849431504982634,0.05928302369581175,0.032072325677971886
202,0.22501888495046543,0.05294535630406907,0.059377230633713245,0.03213248413866039
203,0.2253209419897434,0.05304112362790403,0.05947081187513212,0.0321925865899883
204,0.22562081897183242,0.05313673070458118,0.059563769995001216,0.03225263090405442
205,0.22591852757941494,0.05323217476219415,0.05965610756825335,0.032312614952957536
206,0.22621407943265426,0.053327453087481685,0.059747827130435444,0.032372536623748456
207,0.22650748628286788,0.053422563196558574,0.0598389312965004,0.032432393921262924
208,0.22679876008136465,0.05351750265355045,0.05992942280523974,0.03249218490222669
209,0.22708791278082344,0.05361226902239026,0.06001930439629806,0.0325519076235002
210,0.2273749563339231,0.05370685986701095,0.06010857880931996,0.03261156014194391
211,0.2276599026933425,0.05380127275134546,0.060197248783950046,0.03267114051441827
212,0.22794276381176043,0.05389550523932675,0.0602853170598329,0.032730646797783744
213,0.22822355164185576,0.05398955489488776,0.06037278637661314,0.03279007704890077
214,0.22850227812881127,0.05408341928187005,0.060459659470953546,0.032849429325016395
215,0.22877895506342372,0.054177096039091065,0.06054593903476868,0.03290870174054105
216,0.2290535944233374,0.05427058300561611,0.06063162787721993,0.032967892526981145
217,0.22932620828256736,0.0543638780518532,0.06071672885234392,0.03302699993018522
218,0.22959680871512866,0.05445697904821034,0.06080124481417733,0.03308602219600185
219,0.22986540779503634,0.05454988386509555,0.06088517861675678,0.03314495757027959
220,0.2301320175963054,0.05464259037291684,0.06096853311411894,0.033203804298866976
221,0.2303966501929509,0.054735096442082236,0.06105131116030045,0.03326256062761258
222,0.23065931765898795,0.05482739994299973,0.06113351560933797,0.03332122480236494
223,0.2309200319739865,0.05491949874123099,0.061215149306630565,0.03337979507670761
224,0.23117880469045865,0.05501139078980419,0.061296215103726986,0.03343826981300105
225,0.23143564763696822,0.055103074206114454,0.06137671593950045,0.03349664745234107
226,0.23169057269200896,0.055194547118582786,0.061456654760888615,0.0335549264374449
227,0.23194359173407458,0.055285807655630154,0.06153603451482914,0.03361310521102974
228,0.23219471664165875,0.05537685394567755,0.06161485814825967,0.03367118221581283
229,0.23244395929325523,0.05546768411714595,0.06169312860811787,0.03372915589451137
230,0.23269133156735772,0.055558296298456336,0.06177084884134139,0.03378702468984259
231,0.23293684534245993,0.0556486886180297,0.06184802179486788,0.03384478704452372
232,0.23318051221641894,0.055738859309248566,0.061924650433465504,0.03390244147563291
233,0.23342234345850352,0.055828806741820405,0.06200073774840451,0.03395998659674996
234,0.23366235061154056,0.055918529191995386,0.06207628671728428,0.03401742095519186
235,0.2339005452470756,0.056008024943912216,0.0621513003151097,0.034074743100559406
236,0.23413693955810114,0.05609729249714443,0.06222578145848059,0.03413195165547406
237,0.23437154567749066,0.05618633033042432,0.0622997330696469,0.03418904523549322
238,0.2346043755603413,0.05627513686085508,0.06237315808756643,0.03424602243528542
239,0.23483544105294066,0.05636371053766045,0.06244605946273454,0.034302881881409175
240,0.23506475356184234,0.056452049939873565,0.06251844019227361,0.03435962232930075
241,0.23529232472172248,0.05654015357918582,0.06259030324911712,0.034416242467537994
242,0.23551816620308652,0.056628019956711816,0.0626616516023994,0.034472740974197884
243,0.23574228947534825,0.05671564767657813,0.06273248823382978,0.03452911660345053
244,0.23596470585554374,0.056803035420968914,0.06280281613464617,0.03458536816712585
245,0.23618542681542345,0.05689018179281372,0.06287263828641175,0.03464149441850974
246,0.23640446381762753,0.05697708540873753,0.06294195766940928,0.034697494119827844
247,0.23662182818981695,0.057063745086174004,0.06301077724538222,0.03475336616447754
248,0.2368375312998259,0.05715015958279115,0.06307909998159178,0.03480910940681624
249,0.2370515845487379,0.05723632760679189,0.06314692884986593,0.0348647226688899
250,0.23726399933763637,0.05732224786637915,0.06321426682203271,0.03492020477274448
251,0.23747478695871385,0.057407919155093405,0.06328111686191712,0.03497555459913824
252,0.2376839584279903,0.05749334048291099,0.06334748191304684,0.03503077117773751
253,0.2378915249624517,0.05757851070231163,0.06341336493371959,0.03508585342985081
254,0.23809749779453354,0.05766342865366722,0.06347876888336854,0.035140800268456465
255,0.23830188815451192,0.05774809317866871,0.06354369672124385,0.03519561060746418
256,0.23850470695748982,0.057832503311517694,0.0636081513798843,0.035250283496714135
257,0.2387059650685016,0.05791665811699818,0.06367213578758524,0.035304818007640563
258,0.23890567351818862,0.05800055655873987,0.06373565288667749,0.035359213140253316
259,0.23910384333719217,0.05808419760037248,0.06379870561949184,0.035413467894562234
260,0.23930048550010435,0.05816758023932885,0.06386129692107027,0.03546758129444735
261,0.23949561059925895,0.05825070370358068,0.06392342967674434,0.03552155252658432
262,0.23968922941003862,0.05833356711070343,0.06398510679565003,0.03557538069969222
263,0.2398813527651581,0.05841616954369576,0.06404633119437897,0.0356290648980736
264,0.24007199149733213,0.05849851008555632,0.06410710578952285,0.03568260420603102
265,0.24026115612380083,0.05858058800251788,0.06416743344237362,0.03573599783888178
266,0.24044885684171044,0.058662402746730256,0.0642273169581139,0.03578924514487635
267,0.24063510428465726,0.05874395351684414,0.06428675921843181,0.03584234529100997
268,0.24081990909365678,0.05882523950720105,0.06434576310631594,0.0358952974411968
269,0.24100328190972437,0.05890625991214253,0.06440433150475491,0.035948100759351
270,0.24118523337387546,0.058987013926010114,0.06446246729673732,0.036000754409386736
271,0.2413657741271255,0.059067500743145325,0.06452017336525179,0.036053257555218154
272,0.24154491481048992,0.059147719557889694,0.0645774525932869,0.036105609360759426
273,0.24172266573960616,0.05922766971143967,0.06463430781433167,0.03615780909575332
274,0.2418990359743915,0.05930735111174382,0.06469074167084286,0.036209856438363365
275,0.24207403557332072,0.059386763216065445,0.06474675695718742,0.03626175074197406
276,0.24224767474265363,0.059465905414967095,0.06480235649021474,0.03631349131190305
277,0.24241996368865004,0.05954477709901129,0.06485754308677423,0.03636507745346798
278,0.2425909126175698,0.059623377658760586,0.06491231956371532,0.036416508471986526
279,0.24276053173567266,0.0597017064847775,0.06496668873788741,0.036467783672776324
280,0.24292883124921852,0.05977976296762459,0.06502065342613991,0.036518902361155035
281,0.2430958212676502,0.05985754653484478,0.0650742164292623,0.03656986386970187
282,0.24326151045013375,0.05993505716793158,0.06512738030747288,0.03662066793936244
283,0.2434259081072273,0.06001229459957152,0.06518014772904254,0.03667131412766455
284,0.24358902397923818,0.06008925839830328,0.06523252143352874,0.036721801871127946
285,0.24375086780647365,0.06016594813266553,0.06528450416048892,0.036772130606272393
286,0.24391144932924103,0.06024236337119695,0.06533609864948056,0.036822299769617636
287,0.24407077828784762,0.06031850368243622,0.0653873076400611,0.03687230879768344
288,0.24422886442260072,0.06039436863492203,0.06543813387178798,0.03692215712698955
289,0.24438571747256044,0.060469957797688996,0.06548858008392744,0.03697184419442714
290,0.24454134619044282,0.060545271132008464,0.06553864878542107,0.03702136973062431
291,0.24469575918227668,0.06062030865748444,0.06558834245095706,0.037070733509893136
292,0.24484896577815596,0.06069507010578399,0.0656376637243025,0.037119935090916434
293,0.24500097530817466,0.06076955520857418,0.06568661524922455,0.037168974032377
294,0.2451517971024267,0.060843763697522084,0.06573519966949029,0.03721784989295765
295,0.24530144049100602,0.060917695304294764,0.06578341962886686,0.0372665622313412
296,0.24544991480400663,0.060991349760559296,0.06583127777112137,0.03731511060621045
297,0.24559722937152242,0.06106472679798274,0.06587877674002093,0.037363494576248206
298,0.2457433929903649,0.06113782634004271,0.06592591904652037,0.03741171384464074
299,0.24588841352972174,0.06121064864386374,0.06597270697055269,0.037459768365932386
300,0.24603229985588448,0.061283193607932905,0.06601914304037647,0.03750765782448241
301,0.2461750608824029,0.0613554611137395,0.06606522979601985,0.03755538189184452
302,0.24631670552282686,0.0614274510427728,0.06611096977751094,0.03760294023957241
303,0.24645724269070618,0.0614991632765221,0.06615636552487786,0.03765033253921979
304,0.24659668129959064,0.06157059769647668,0.06620141957814869,0.03769755846234035
305,0.24673503026303004,0.06164175418412582,0.0662461344773516,0.03774461768048781
306,0.24687229824633924,0.06171263269016769,0.06629051271041714,0.037791509918762844
307,0.2470084924265402,0.06178323358024229,0.06633455645292516,0.037838235223307086
308,0.24714362098361117,0.061853556940361466,0.06637826809094782,0.037884793423913564
309,0.2472776923479446,0.061923602786720676,0.06642165006311208,0.03793118429635829
310,0.24741071494993286,0.06199337113551538,0.06646470480804492,0.03797740761641728
311,0.24754269721996827,0.06206286200294103,0.06650743476437335,0.038023463159866544
312,0.2476736475884432,0.062132075405193096,0.06654984237072432,0.038069350702482095
313,0.24780357448575002,0.062201011358467014,0.06659193006572484,0.03811507002003995
314,0.24793248629544576,0.06226966989057137,0.0666337002779566,0.03816062089755075
315,0.24806038996302807,0.06233805138589064,0.06667515512756618,0.038206003403570804
316,0.24818729285223928,0.06240615612510288,0.06671629682440527,0.0382512175241901
317,0.2483132029079258,0.062473984244797734,0.0667571277029609,0.038296263130920924
318,0.248438128074934,0.06254153588156484,0.06679765009772007,0.038341140095275575
319,0.24856207629811033,0.06260881117199385,0.06683786634316978,0.038385848288766324
320,0.2486850555223012,0.06267581025267438,0.06687777877379705,0.03843038758290546
321,0.248807073692353,0.0627425332601961,0.0669173897240889,0.03847475784920529
322,0.24892813875311212,0.06280898033114864,0.06695670152853231,0.038518958959178076
323,0.24904825782308515,0.06287515181623965,0.06699571630031195,0.038562990954745795
324,0.24916743754019843,0.06294104819070293,0.06703443602390806,0.03860685397693677
325,0.24928568542528343,0.06300666970099722,0.06707286292025205,0.03865054798470461
326,0.249403009002356,0.06307201659275619,0.06711099921112816,0.03869407293634623
327,0.24951941579543216,0.06313708911161343,0.06714884711832064,0.03873742879015853
328,0.24963491332852777,0.0632018875032026,0.06718640886361373,0.03878061550443842
329,0.24974950912565877,0.06326641201315732,0.06722368666879167,0.038823633037482805
330,0.2498632107108411,0.06333066288711119,0.06726068275563869,0.03886648134758859
331,0.24997602522215162,0.06339464046467794,0.06729739923603181,0.03890916046844765
332,0.250087958735354,0.06345834534415529,0.06733383791932378,0.03895167064127956
333,0.2501990182828634,0.06352177789088662,0.06737000088730134,0.03899401192041771
334,0.2503092109878358,0.06358493844811902,0.06740589024759237,0.039036184342468805
335,0.25041854397342733,0.06364782735909956,0.06744150810782473,0.039078187944039576
336,0.2505270243627939,0.06371044496707533,0.06747685657562626,0.03912002276173674
337,0.2506346592790915,0.0637727916152934,0.0675119377586248,0.03916168883216702
338,0.2507414558454763,0.06383486764700085,0.06754675376444821,0.039203186191937134
339,0.2508474210433733,0.06389667343291734,0.06758130666585282,0.03924451490063089
340,0.2509525604795227,0.06395820961022661,0.06761559819736694,0.039285675240692965
341,0.2510568805202986,0.0640194766688676,0.06764963028041951,0.03932666737141784
342,0.25116038785194633,0.06408047503677662,0.0676834049151407,0.03936749140024323
343,0.25126308916071105,0.06414120514188996,0.06771692410166064,0.03940814743460686
344,0.251364991132838,0.06420166741214393,0.06775018984010948,0.03944863558194645
345,0.2514661004545724,0.06426186227547484,0.06778320413061739,0.03948895594969972
346,0.25156642381215943,0.06432179015981898,0.0678159689733145,0.03952910864530439
347,0.2516659678894575,0.0643814514934241,0.06784848636770051,0.03956909377649094
348,0.25176473899887697,0.06444084676043087,0.0678807582172825,0.03960891150117616
349,0.25186274302603434,0.0644999765243945,0.0679127863196124,0.03964856204440388
350,0.2519599858983646,0.06455884134808841,0.06794457248462347,0.03968804562900005
351,0.2520564735433029,0.06461744179428594,0.06797611852224905,0.03972736247779062
352,0.2521522118882843,0.06467577842576051,0.06800742624242241,0.039766512813601544
353,0.2522472068607438,0.06473385180528547,0.06803849745507685,0.03980549685925877
354,0.2523414643881166,0.06479166249563423,0.06806933397014568,0.03984431483758826
355,0.2524349903978377,0.06484921105958016,0.06809993759756218,0.03988296697141596
356,0.2525277908173421,0.06490649805989664,0.06813031014725965,0.03992145348356783
357,0.25261987157406507,0.06496352405935706,0.06816045342917139,0.03995977459686981
358,0.2527112386055617,0.06502028961810301,0.06819036925576698,0.039997930532045485
359,0.25280189812229914,0.06507679521022411,0.06822005950830387,0.04003592144285464
360,0.25289185579254664,0.06513304140816656,0.06824952593326325,0.040073747566655445
361,0.25298111701427844,0.06518902884737628,0.06827877020957515,0.0401114091919923
362,0.25306968718546874,0.06524475816329915,0.06830779401616965,0.04014890660740959
363,0.2531575717040918,0.06530022999138109,0.06833659903197682,0.040186240101451706
364,0.2532447759681218,0.06535544496706798,0.06836518693592675,0.04022340996266304
365,0.253331305375533,0.06541040372580574,0.06839355940694948,0.040260416479587974
366,0.25341716532429953,0.06546510690304026,0.0684217181239751,0.0402972599407709
367,0.2535023612123957,0.06551955513421746,0.06844966476593368,0.040333940634756205
368,0.2535868984377958,0.06557374905478322,0.06847740101175527,0.040370458850088276
369,0.25367078240827806,0.06562768930174462,0.06850492853510107,0.04040681487632639
370,0.25375401908274975,0.06568137654329088,0.06853224885311589,0.04044300901697646
371,0.25383661513079386,0.0657348114189401,0.0685593634511566,0.04047904154105135
372,0.25391857696760683,0.06578799455777115,0.06858627386798281,0.04051491271429249
373,0.2539999085982333,0.06584092663525361,0.06861298179007859,0.04055062288213376
374,0.2540806137918905,0.06589360832910555,0.06863948891172121,0.040586172396270215
375,0.254160696930943,0.0659460403129541,0.06866579687323336,0.04062156159458914
376,0.254240163585428,0.06599822326565702,0.06869190718117893,0.04065679079930731
377,0.25431901887653197,0.06605015787368991,0.06871782136624646,0.040691860346809196
378,0.2543972678472542,0.06610184482833323,0.06874354095737138,0.040726770576542476
379,0.25447491557597296,0.0661532848340706,0.06876906744879502,0.04076152183524848
380,0.2545519671799214,0.06620447859724236,0.06879440232430514,0.040796114471144354
381,0.25462842741926384,0.06625542681966175,0.06881954709478938,0.04083054883857856
382,0.2547043008987044,0.0663061302079104,0.0688445032638126,0.040864825299446225
383,0.25477959229698366,0.06635658947322168,0.06886927231744337,0.04089894421717767
384,0.2548543064109053,0.06640680534032391,0.06889385569257596,0.04093290596240788
385,0.25492844789314917,0.06645677852875165,0.06891825484993354,0.0409667109055133
386,0.2550020213769696,0.06650650975686241,0.06894247125498215,0.04100035941647447
387,0.25507503149037586,0.06655599974545952,0.0689665063652923,0.0410338518672043
388,0.2551474828021564,0.06660524924296257,0.06899036154928528,0.041067188651434064
389,0.2552193799004411,0.06665425898877173,0.06901403820449856,0.04110037015576917
390,0.2552907273854507,0.06670302971664889,0.0690375377466706,0.041133396762360504
391,0.2553615298509948,0.06675156216082746,0.06906086159006453,0.041166268853883685
392,0.255431791601013,0.0667998570768603,0.06908401108223783,0.04119898683674088
393,0.25550151694292705,0.0668479152200441,0.06910698757154932,0.041231551117049195
394,0.2555707102953693,0.06689573733749625,0.06912979243194986,0.04126396209182294
395,0.25563937607697196,0.06694332417633417,0.0691524270373903,0.041296220158076394
396,0.2557075185190092,0.06699067649793795,0.0691748927117064,0.041328325728605425
397,0.2557751417357808,0.06703779507259244,0.06919719074744521,0.04136027922605885
398,0.2558422499863447,0.06708468065956275,0.06921932247587409,0.04139208106089226
399,0.2559088475298018,0.06713133401811062,0.06924128922827204,0.04142373164355758
400,0.2559749400163203,0.06717775619170402,0.06926309276993675,0.041455231544682086
401,0.256040532438294,0.06722394814844394,0.069284734659649,0.04148658130170851
402,0.2561056249299655,0.06726990991491792,0.0693062149393114,0.04151778092948911
403,0.2561702225229444,0.06731564246056884,0.06932753517844133,0.04154883096428328
404,0.25623433166566373,0.06736114702781974,0.06934869738850802,0.041579732093352764
405,0.256297952421516,0.0674064236291273,0.06936970158930765,0.04161048432362527
406,0.2563610912674238,0.06745147355242147,0.06939054980482964,0.04164108837365518
407,0.2564237529190603,0.06749629773540937,0.06941124350868626,0.04167154476660264
408,0.25648593745069187,0.06754089619563133,0.06943178272444066,0.04170185351270238
409,0.25654764787749507,0.06758526960869966,0.06945216840406257,0.04173201500119664
410,0.25660888909080776,0.06762941899970513,0.069472402082783,0.041762029812487805
411,0.25666966561288074,0.06767334529237914,0.06949248517691049,0.04179189846590192
412,0.2567299819659649,0.06771704941045312,0.06951241910275359,0.041821621480765035
413,0.25678984267231103,0.06776053227765846,0.06953220527662085,0.04185119937640318
414,0.25684925225417,0.06780379481772657,0.06955184511482082,0.041880632672142384
415,0.2569082152337926,0.06784683795438888,0.06957134003366207,0.0419099218873087
416,0.25696673613342963,0.06788966261137679,0.06959069144945312,0.04193906754122817
417,0.2570248175177312,0.0679322694521282,0.06960990016450055,0.04196807002661119
418,0.2570824611378415,0.06797465903191281,0.06962896672595464,0.04199692968355144
419,0.2571396705877876,0.06801683215104021,0.0696478922589863,0.0420256469713384
420,0.2571964494629014,0.06805878960999352,0.06966667788917572,0.042054222349345916
421,0.2572528013585149,0.06810053220925587,0.06968532474210314,0.04208265627694788
422,0.2573087298699602,0.0681420607493104,0.0697038339433488,0.04211094921351814
423,0.25736423859256924,0.06818337603064023,0.06972220661849292,0.0421391016184306
424,0.25741933112167403,0.06822447885372848,0.06974044389311573,0.0421671139510591
425,0.2574740107485356,0.06826537002496014,0.06975854681590428,0.04219498668648519
426,0.25752828009989764,0.06830605036361805,0.06977651626750311,0.042222720334117975
427,0.25758214245493377,0.0683465206763218,0.06979435329354265,0.04225031536966339
428,0.25763560113714035,0.06838678176883069,0.06981205895086158,0.04227777226653776
429,0.2576886594700139,0.06842683444690402,0.06982963429629861,0.04230509149815742
430,0.25774132077705075,0.06846667951630109,0.06984708038669246,0.04233227353793868
431,0.2577935883817474,0.06850631778278118,0.06986439827888184,0.042359318859297876
432,0.2578454656076002,0.06854575005210362,0.06988158902970544,0.04238622793565132
433,0.2578969556822977,0.06858497713171352,0.06989865366574809,0.04241300124420171
434,0.25794806116875313,0.06862399984075343,0.06991559300367407,0.04243963928842396
435,0.257998785052464,0.0686628189909301,0.06993240799358995,0.042466142555092255
436,0.2580491304431315,0.06870143539176478,0.06994909962482289,0.0424925115260722
437,0.25809910045045686,0.0687398498527787,0.06996566888670006,0.042518746683229414
438,0.25814869818414127,0.06877806318349312,0.06998211676854862,0.04254484850842949
439,0.2581979267538859,0.06881607619342928,0.06999844425969576,0.04257081748353803
440,0.25824678926939204,0.06885388969210843,0.07001465234946863,0.042596654090420655
441,0.2582952888375058,0.06889150448894614,0.07003074202594879,0.042622358810964836
442,0.25834342838949875,0.06892892139043204,0.07004671420849744,0.042647932130487516
443,0.25839121067733495,0.06896614120615459,0.07006256975973055,0.04267337454135909
444,0.25843863846174286,0.06900316474761825,0.07007830954960137,0.042698686536811394
445,0.25848571450345104,0.06903999282632754,0.0700939344480632,0.042723868610076245
446,0.25853244156318794,0.06907662625378694,0.0701094453250693,0.04274892125438545
447,0.258578822401682,0.06911306584150094,0.07012484305057291,0.04277384496297085
448,0.2586248597796618,0.06914931240097402,0.07014012849452733,0.04279864022906424
449,0.25867055645785575,0.06918536674371069,0.07015530252688583,0.04282330754589746
450,0.2587159151969924,0.06922122968121543,0.07017036601760165,0.04284784740670231
451,0.25876093875780015,0.06925690202499274,0.07018531983662808,0.04287226030471063
452,0.2588056299117431,0.06929238458548657,0.07020016485819483,0.04289654673227486
453,0.2588499915481479,0.06932767815195053,0.07021490201088229,0.04292070716706432
454,0.2588940262703707,0.06936278351932129,0.0702295321268508,0.04294474209828639
455,0.25893773658568303,0.06939770148895234,0.0702440560023699,0.0429686520213992
456,0.2589811250013561,0.06943243286219712,0.07025847443370908,0.042992437431860916
457,0.2590241940246615,0.06946697844040908,0.07027278821713792,0.043016098825129696
458,0.25906694616287035,0.0695013390249417,0.07028699814892589,0.043039636696663684
459,0.2591093839232542,0.0695355154171484,0.07030110502534255,0.043063051541921034
460,0.2591515098130845,0.06956950841838268,0.0703151096426574,0.043086343856359906
461,0.25919332633963243,0.06960331882999796,0.07032901279713998,0.04310951413543845
462,0.2592348360101695,0.06963694745334771,0.07034281528505981,0.04313256287461481
463,0.2592760413378686,0.06967039508845754,0.07035651790696262,0.043155490568283654
464,0.2593169448255353,0.06970366251625637,0.070370121492731,0.04317829769860179
465,0.25935754877565187,0.06973675051879571,0.07038362680266809,0.04320098475489521
466,0.25939785545390004,0.06976965988149503,0.07039703457885822,0.04322355222988815
467,0.25943786712596173,0.06980239138977377,0.07041034556338571,0.043246000616304854
468,0.2594775860575187,0.06983494582905145,0.07042356049833487,0.04326833040686957
469,0.25951701451425274,0.06986732398474749,0.07043668012579,0.043290542094306536
470,0.2595561547618456,0.06989952664228137,0.07044970518783546,0.04331263617133999
471,0.2595950090659792,0.06993155458707258,0.07046263642655554,0.043334613130694186
472,0.25963357969233525,0.06996340860454058,0.07047547458403455,0.04335647346509336
473,0.25967186890659555,0.06999508948010481,0.07048822040235683,0.04337821766726175
474,0.25970987898367504,0.07002659799875433,0.07050087462314168,0.04339984622890205
475,0.2597476121980163,0.07005793493771238,0.0705134379623894,0.04342135963265342
476,0.25978507064833894,0.07008910106854388,0.07052591109934495,0.04344275836438484
477,0.2598222564064765,0.07012009716282384,0.07053829471051368,0.04346404291148471
478,0.25985917154426225,0.07015092399212734,0.07055058947240095,0.043485213761341415
479,0.2598958181335298,0.0701815823280294,0.07056279606151208,0.04350627140134337
480,0.2599321982461125,0.07021207294210505,0.07057491515435245,0.04352721631887896
481,0.25996831395384384,0.07024239660592935,0.07058694742742738,0.04354804900133659
482,0.26000416732855725,0.07027255409107734,0.07059889355724222,0.04356876993610465
483,0.2600397604420862,0.07030254616912406,0.07061075422030233,0.043589379610571556
484,0.26007509536626416,0.07033237361164453,0.07062253009311305,0.043609878512125694
485,0.2601101741992207,0.07036203718913174,0.07063422185029125,0.04363026712676133
486,0.2601449991310356,0.07039153766058659,0.07064583013150406,0.04365054593042371
487,0.2601795721671337,0.07042087578074469,0.07065735554605238,0.04367071540088438
488,0.260213895283904,0.07045005230470515,0.07066879870226539,0.043690776016896304
489,0.26024797045773534,0.07047906798756715,0.07068016020847237,0.04371072825721245
490,0.26028179966501674,0.07050792358442982,0.07069144067300256,0.04373057260058577
491,0.2603153848821371,0.07053661985039235,0.07070264070418522,0.04375030952576924
492,0.2603487280854855,0.07056515754055384,0.07071376091034956,0.04376993951151581
493,0.2603818312514507,0.07059353741001347,0.07072480189982484,0.043789463036578435
494,0.2604146963564217,0.07062176021387037,0.0707357642809403,0.043808880579710094
495,0.26044732537678755,0.07064982670722372,0.0707466486620252,0.04382819261966374
496,0.2604797203271327,0.07067773764095538,0.07075745563471246,0.043847399632885156
497,0.26051188340569686,0.07070549374631512,0.07076818571304773,0.04386650208504717
498,0.26054381673493515,0.07073309576377709,0.07077883944777846,0.043885500446825786
499,0.26057552235223225,0.07076054443375016,0.07078941740310393,0.04390439519019565
500,0.2606070011186717,0.07078784046493192,0.07079992025064184,0.04392318679251093
501,0.26063825405676727,0.07081498457037189,0.07081034864726833,0.04394187573038751
502,0.2606692824598776,0.0708419774704145,0.07082070322507779,0.04396046247919443
503,0.2607000880619206,0.07086881989267697,0.07083098454216527,0.04397894750654499
504,0.2607306728137576,0.07089551256835781,0.07084119312018658,0.04399733127623336
505,0.2607610384188635,0.07092205622457166,0.07085132952235018,0.04401561425640878
506,0.2607911866212533,0.07094845158641577,0.07086139429559447,0.04403379691279441
507,0.26082111925335166,0.07097469937458782,0.07087138795137593,0.04405187970582268
508,0.2608508380930482,0.07100080031249936,0.07088131102303785,0.044069863099189574
509,0.2608803451832178,0.0710267552527798,0.07089116414186634,0.044087747641154446
510,0.2609096432093962,0.07105256540749072,0.07090094821175423,0.044105534118453554
511,0.26093873250313976,0.07107823093101222,0.07091066334814171,0.04412322263164671
512,0.26096761324441936,0.07110375190322757,0.07092030960950416,0.044140813232457346
513,0.26099628901543054,0.07112912991415914,0.07092988815975351,0.044158306950405
514,0.2610247612129149,0.07115436558377598,0.07093939945271323,0.044175704186911836
515,0.2610530298383311,0.07117945891273221,0.07094884348885293,0.04419300494240188
516,0.26108109753895786,0.07120441108821515,0.07095822112055367,0.04421020998644158
517,0.2611089667235191,0.07122922319043082,0.07096753312338572,0.044227320019249276
518,0.2611366373920147,0.07125389521937922,0.07097677949734907,0.04424433504082496
519,0.26116410999169265,0.07127842739938132,0.07098596038967746,0.04426125519865169
520,0.26119138642145284,0.07130282064088152,0.07099507641978539,0.04427808108804041
521,0.2612184684447408,0.0713270757498442,0.07100412815753075,0.04429481323275945
522,0.2612453578045775,0.07135119352137377,0.07101311616596391,0.04431145214938902
523,0.26127205624398403,0.07137517475057456,0.07102204100813525,0.044327998354509325
524,0.26129856550598124,0.07139902023255097,0.07103090324709516,0.04434445236470056
525,0.2613248873335901,0.07142273076240736,0.07103970344589401,0.044360814696542926
526,0.2613510234698316,0.07144630713524812,0.07104844216758222,0.044377085866616636
527,0.2613769756577266,0.07146975014617758,0.07105711997521012,0.04439326639150188
528,0.2614027456402962,0.07149306059030015,0.07106573743182815,0.04440935678777887
529,0.2614283351605613,0.07151623926272017,0.07107429510048666,0.0444253575720278
530,0.2614537452960021,0.07153928672252158,0.07108279333195795,0.044441269111757255
531,0.2614789762246797,0.07156220320982742,0.07109123219013926,0.04445709157301868
532,0.261504029290028,0.07158498937803673,0.07109961211063037,0.0444728253828905
533,0.2615289058743978,0.0716076458943495,0.07110793354144382,0.044488470977167946
534,0.26155360736014,0.07163017342596578,0.07111619693059212,0.04450402879164624
535,0.2615781351296053,0.07165257264008561,0.07112440272608785,0.04451949926212062
536,0.2616024905651446,0.07167484420390899,0.07113255137594347,0.0445348828243863
537,0.26162667504910864,0.07169698878463597,0.07114064332817156,0.044550179914238514
538,0.2616506899638482,0.07171900704946657,0.07114867903078463,0.04456539096747249
539,0.2616745366917142,0.07174089966560084,0.07115665893179521,0.04458051641988344
540,0.2616982166150573,0.0717626673002388,0.07116458347921584,0.04459555670726661
541,0.26172173085810574,0.0717843105681952,0.07117245304978166,0.04461051223881456
542,0.26174508022743764,0.07180583001981877,0.07118026793251284,0.04462538339098224
543,0.26176826595913205,0.07182722629262406,0.07118802853503074,0.044640170584489776
544,0.2617912893014336,0.07184850002659464,0.07119573526831616,0.04465487424131115
545,0.26181415150258674,0.0718696518617141,0.07120338854334984,0.044669494783420326
546,0.26183685381083627,0.071890682437966,0.07121098877111262,0.044684032632791276
547,0.2618593974744267,0.07191159239533389,0.07121853636258522,0.04469848821139797
548,0.2618817837416027,0.07193238237380137,0.07122603172874847,0.04471286194121437
549,0.26190401386060885,0.071953053013352,0.07123347528058312,0.04472715424421445
550,0.2619260890796898,0.07197360495396936,0.07124086742906996,0.04474136554237218
551,0.26194801064709006,0.071994038835637,0.07124820858518978,0.04475549625766153
552,0.2619697795959326,0.07201435524586063,0.07125549909180043,0.04476954678089835
553,0.261991396719277,0.07203455471358372,0.07126273921573865,0.044783517468127934
554,0.26201286315008454,0.07205463785066704,0.07126992933147831,0.044797408724626654
555,0.26203418002936013,0.07207460527093358,0.0712770698160404,0.044811220956835957
556,0.2620553484981086,0.0720944575882063,0.07128416104644597,0.04482495457119727
557,0.26207636969733483,0.07211419541630819,0.07129120339971605,0.04483860997415204
558,0.2620972447680438,0.07213381936906223,0.07129819725287168,0.04485218757214169
559,0.26211797485124033,0.07215333006029138,0.07130514298293388,0.044865687771607654
560,0.2621385610879293,0.07217272810381864,0.07131204096692366,0.04487911097899138
561,0.26215900461911573,0.07219201411346698,0.0713188915818621,0.04489245760073429
562,0.2621793065858044,0.07221118870305937,0.0713256952047702,0.04490572804327783
563,0.2621994679212594,0.07223025242564567,0.07133245213378964,0.04491892267423901
564,0.26221948935783734,0.07224920577550158,0.07133916259077733,0.044932041823687485
565,0.2622393719455014,0.07226804933981648,0.07134582691818571,0.044945085881050034
566,0.2622591167403127,0.07228678370756364,0.07135244546078261,0.044958055236893064
567,0.2622787247983324,0.07230540946771633,0.07135901856333582,0.04497095028178296
568,0.2622981971756216,0.0723239272092478,0.07136554657061314,0.04498377140628612
569,0.26231753492824134,0.0723423375211313,0.0713720298273824,0.04499651900096896
570,0.26233673911225286,0.0723606409923401,0.07137846867841138,0.04500919345639787
571,0.26235581078371717,0.07237883821184748,0.07138486346846791,0.045021795163139235
572,0.26237475099869545,0.07239692976862667,0.0713912145423198,0.04503432451175946
573,0.2623935608132487,0.07241491625165097,0.07139752224473483,0.04504678189282496
574,0.2624122412834382,0.07243279824989361,0.07140378692048083,0.04505916769690212
575,0.26243079346532494,0.07245057635232785,0.0714100089143256,0.04507148231455733
576,0.2624492181542269,0.07246825106243102,0.07141618847328829,0.04508372608380986
577,0.26246751596229245,0.0724858228236203,0.07142232577572065,0.04509589930576514
578,0.2624856878461496,0.07250329219226553,0.07142842112911449,0.045108002350950964
579,0.26250373476582445,0.07252065972585069,0.07143447484223554,0.045120035590579956
580,0.26252165768134306,0.0725379259818598,0.07144048722384957,0.04513199939586473
581,0.2625394575527315,0.07255509151777685,0.07144645858272229,0.0451438941380179
582,0.2625571353400158,0.07257215689108587,0.07145238922761946,0.04515572018825209
583,0.26257469200322203,0.07258912265927085,0.07145827946730678,0.045167477917779926
584,0.26259212850237634,0.07260598937981581,0.07146412961055,0.045179167697814014
585,0.2626094457975048,0.07262275761020474,0.07146993996611486,0.04519078989956697
586,0.26262664484863335,0.07263942790792167,0.0714757108427671,0.04520234489425142
587,0.26264372661578816,0.07265600083045058,0.07148144254927244,0.04521383305307998
588,0.26266069205899534,0.07267247693527551,0.07148713539439663,0.04522525474726527
589,0.2626775418353004,0.07268885668393846,0.0714927895991192,0.04523661029188004
590,0.26269427645957893,0.0727051404929618,0.071498405343227,0.04524789997565404
591,0.2627108967896575,0.07272132888746698,0.07150398290587429,0.045259124150863146
592,0.26272740368454295,0.07273742239294922,0.07150952256655724,0.04527028317000192
593,0.2627437980032422,0.07275342153490374,0.07151502460477213,0.04528137738556493
594,0.2627600806047623,0.07276932683882577,0.07152048930001519,0.045292407150046766
595,0.2627762523481101,0.07278513883021051,0.07152591693178262,0.045303372815941996
596,0.2627923140922925,0.07280085803455322,0.07153130777957067,0.04531427473574518
597,0.2628082666963164,0.07281648497734908,0.07153666212287559,0.04532511326195091
598,0.2628241110191888,0.07283202018409334,0.07154198024119358,0.04533588874705376
599,0.2628398479199166,0.07284746418028122,0.07154726241402089,0.04534660154354828
600,0.2628554782575067,0.07286281749140792,0.07155250892085376,0.04535725200392907
601,0.26287100289096604,0.0728780806429687,0.07155772004118839,0.045367840480690695
602,0.26288642213609625,0.07289325408412092,0.07156289604934625,0.045378367299848295
603,0.2629017358965668,0.07290833820610411,0.07156803721572264,0.04538883276732695
604,0.2629169444557325,0.07292333345351583,0.07157314381432987,0.045399237207560124
605,0.26293204849884655,0.07293824030546386,0.07157821608729568,0.04540958094319107
606,0.2629470496990834,0.07295305932587177,0.07158325419834664,0.04541986429244781
607,0.2629619491520371,0.07296779102907626,0.07158825835704592,0.0454300875761397
608,0.26297674785414354,0.07298243591972547,0.07159322878074821,0.045440251115765704
609,0.26299144640775185,0.07299699446100848,0.07159816571757924,0.04545035523618487
610,0.2630060455587415,0.07301146713121412,0.07160306940445757,0.045460400261032465
611,0.26302054609144837,0.07302585441275498,0.07160794007512969,0.04547038651336706
612,0.26303494860022575,0.07304015676983111,0.07161277797432189,0.04548031431220482
613,0.26304925369153925,0.07305437466780368,0.07161758334606043,0.04549018397681962
614,0.2630634620227031,0.07306850857729535,0.07162235643168849,0.045499995827857576
615,0.26307757501004464,0.0730825594509427,0.07162709769733827,0.0455097505089834
616,0.26309159353785916,0.07309652786705777,0.07163180741958812,0.04551944840940477
617,0.26310551760614653,0.07311041382564051,0.07163648559843803,0.045529089529121686
618,0.2631193472149068,0.07312421732669097,0.071641132233888,0.04553867386813415
619,0.2631330825545343,0.07313793849886387,0.0716457473880629,0.04554820151337859
620,0.26314672592022953,0.0731515788930897,0.07165033180987673,0.04555767351287226
621,0.2631602779849759,0.07316513896412202,0.07165488571892113,0.04556709017390782
622,0.2631737387487735,0.07317861871196088,0.07165940911519608,0.04557645149648529
623,0.2631871082116223,0.07319201813660627,0.07166390199870161,0.04558575748060465
624,0.26320038703916737,0.07320533769953459,0.07166836459049172,0.045595008438709186
625,0.2632135774050993,0.07321857890771544,0.07167279761242708,0.04560420539109473
626,0.26322667947790335,0.07323174187795567,0.0716772011204599,0.045613348416845556
627,0.26323969325757945,0.0732448266102553,0.07168157511459021,0.04562243751596166
628,0.26325261874412753,0.07325783310461434,0.07168591959481799,0.04563147268844304
629,0.2632654563541963,0.07327076166681835,0.07169023469965154,0.04564045414235521
630,0.2632782070208481,0.07328361296541995,0.07169452073913526,0.04564938233166529
631,0.26329087148865365,0.07329638752210615,0.0716987779605801,0.045658257609917326
632,0.26330345050209875,0.07330908585850057,0.07170300661126881,0.045667080330612154
633,0.26331594480566906,0.07332170849622681,0.07170720693848409,0.045675850847250586
634,0.2633283551438505,0.07333425595690846,0.07171137918950868,0.045684569513333446
635,0.2633406822611288,0.07334672876216913,0.07171552361162528,0.045693236682361554
636,0.26335292690198964,0.07335912743363242,0.07171964045211666,0.04570185270783573
637,0.26336508981091894,0.07337145249292194,0.07172372995826551,0.04571041794325679
638,0.2633771717324024,0.07338370446166127,0.07172779237735458,0.04571893274212555
639,0.2633891734109258,0.07339588386147404,0.07173182795666659,0.045727397457942846
640,0.2634010955909749,0.07340799121398382,0.07173583694348425,0.04573581244420949
641,0.26341293858038467,0.0734200267673534,0.07173981943839863,0.045744177870146556
642,0.26342470233094856,0.07343199054676802,0.07174377542238972,0.045752493754715066
643,0.26343638740063724,0.07344388295704261,0.07174770508008092,0.045760760372700826
644,0.26344799435540733,0.07345570440799358,0.07175160859877863,0.04576897800226004
645,0.26345952376121556,0.07346745530943735,0.07175548616578924,0.04577714692154893
646,0.26347097618401866,0.07347913607119035,0.0717593379684191,0.04578526740872372
647,0.26348235218977334,0.07349074710306899,0.0717631641939746,0.0457933397419406
648,0.2634936523444363,0.0735022888148897,0.07176696502976214,0.045801364199355814
649,0.2635048772139642,0.07351376161646889,0.07177074066308806,0.045809341059125555
650,0.26351602736431384,0.073525165917623,0.07177449128125876,0.04581727059940605
651,0.26352710336144186,0.07353650212816844,0.07177821707158062,0.04582515309835351
652,0.26353810577130504,0.07354777065792163,0.07178191822136,0.04583298883412415
653,0.2635490350645026,0.07355897186998568,0.07178559488670795,0.04584077805534775
654,0.2635598915646352,0.07357010605545257,0.07178924717564618,0.04584852096513747
655,0.263570675779215,0.07358117359550816,0.07179287525636147,0.04585621782355278
656,0.26358138822357363,0.07359217487516888,0.07179647929959863,0.04586386889307439
657,0.2635920294130428,0.07360311027945114,0.07180005947610255,0.045871474436182974
658,0.2636025998629542,0.07361398019337137,0.071803615956618,0.04587903471535924
659,0.26361310008863936,0.07362478500194597,0.07180714891188986,0.045886549993083864
660,0.26362353060543,0.07363552509019139,0.07181065851266294,0.04589402053183755
661,0.2636338919286577,0.07364620084312401,0.07181414492968209,0.04590144659410097
662,0.2636441845736542,0.07365681264576028,0.07181760833369215,0.045908828442354825
663,0.2636544090557511,0.0736673608831166,0.07182104889543793,0.0459161663390798
664,0.2636645658902801,0.07367784594020939,0.07182446678566429,0.04592346054675659
665,0.26367465552856595,0.07368826816964712,0.07182786215522083,0.045930711306497105
666,0.2636846782571503,0.07369862784060505,0.07183123510373761,0.04593791880440006
667,0.26369463453048675,0.0737089253072758,0.07183458578303678,0.04594508328262193
668,0.2637045248180941,0.07371916093147976,0.07183791434962315,0.04595220498834868
669,0.263714349589491,0.07372933507503733,0.07184122096000153,0.04595928416876627
670,0.2637241093141962,0.07373944809976889,0.07184450577067675,0.04596632107106066
671,0.2637338044617284,0.07374950036749482,0.07184776893815359,0.04597331594241783
672,0.2637434355016064,0.07375949224003552,0.07185101061893688,0.04598026903002374
673,0.2637530029033488,0.07376942407921137,0.07185423096953145,0.045987180581064345
674,0.2637625071364744,0.07377929624684276,0.07185743014644208,0.04599405084272562
675,0.26377194867050197,0.07378910910475008,0.07186060830617359,0.04600088006219353
676,0.26378132797495013,0.0737988630147537,0.07186376560523082,0.04600766848665404
677,0.26379064551768433,0.07380855833661983,0.07186690219905117,0.046014416361665526
678,0.2637999017277126,0.07381819540507749,0.0718700182285553,0.04602112391507435
679,0.26380909699570587,0.07382777453931379,0.07187311382450685,0.046027791365347064
680,0.26381823171076785,0.07383729605839671,0.07187618911748918,0.046034418931023106
681,0.26382730626200246,0.07384676028139431,0.07187924423808555,0.046041006830641905
682,0.2638363210385134,0.0738561675273746,0.07188227931687925,0.046047555282742875
683,0.2638452764294045,0.0738655181154056,0.07188529448445359,0.046054064505865445
684,0.26385417282377954,0.07387481236455537,0.07188828987139186,0.04606053471854904
685,0.26386301061074235,0.0738840505938919,0.07189126560827734,0.04606696613933309
686,0.2638717901793967,0.07389323312248322,0.07189422182569333,0.046073358986757
687,0.2638805119188464,0.07390236026939738,0.07189715865422314,0.046079713479360206
688,0.26388917621819524,0.07391143235370239,0.07190007622445005,0.046086029835682135
689,0.26389778346654696,0.07392044969446628,0.07190297466695734,0.0460923082742622
690,0.26390633405300545,0.07392941261075707,0.07190585411232833,0.04609854901363984
691,0.26391482836667446,0.07393832142164278,0.07190871469114629,0.04610475227235447
692,0.2639232667966578,0.07394717644619146,0.07191155653399453,0.04611091826894552
693,0.26393164973205924,0.07395597800347112,0.07191437977145634,0.04611704722195241
694,0.26393997756198256,0.0739647264125498,0.07191718453411503,0.046123139349914556
695,0.26394825067553157,0.0739734219924955,0.07191997095255385,0.04612919487137139
696,0.2639564694618101,0.07398206506237627,0.07192273915735613,0.04613521400486234
697,0.26396463430992195,0.07399065594126013,0.07192548927910515,0.04614119696892683
698,0.2639727456089709,0.0739991949482151,0.0719282214483842,0.046147143982104274
699,0.2639808037539024,0.07400768239867439,0.07193093579626976,0.04615305525951911
700,0.2639888091074424,0.07401611858765553,0.07193363244288718,0.04615893100216955
701,0.26399676200832695,0.07402450380341004,0.07193631150192395,0.04616477140740685
702,0.26400466279528445,0.07403283833418872,0.07193897308706569,0.046170576672582356
703,0.264012511807043,0.07404112246824238,0.071941617311998,0.04617634699504737
704,0.2640203093823308,0.0740493564938218,0.07194424429040651,0.04618208257215321
705,0.26402805585987604,0.07405754069917779,0.07194685413597683,0.046187783601251205
706,0.264035751578407,0.07406567537256116,0.07194944696239458,0.046193450279692655
707,0.2640433968766517,0.07407376080222268,0.07195202288334537,0.046199082804828887
708,0.26405099209333843,0.07408179727641317,0.07195458201251483,0.04620468137401122
709,0.2640585375671954,0.07408978508338343,0.07195712446358855,0.04621024618459097
710,0.2640660336369507,0.07409772451138426,0.07195965035025216,0.046215777433919455
711,0.2640734806413326,0.07410561584866644,0.07196215978619128,0.046221275319347985
712,0.26408087891906934,0.07411345938348078,0.0719646528850915,0.04622674003822789
713,0.264088228808889,0.07412125540407809,0.07196712976063847,0.046232171787910475
714,0.2640955306495198,0.07412900419870914,0.07196959052651779,0.04623757076574707
715,0.264102784802607,0.07413670604795418,0.07197203529142791,0.04624293716489428
716,0.2641099916323925,0.07414436121974492,0.07197446415646397,0.04624827117059268
717,0.26411715147987336,0.07415196998369257,0.07197687722413436,0.0462535729684838
718,0.26412426468604333,0.074159532609409,0.07197927459694792,0.0462588427442095
719,0.2641313315918961,0.07416704936650607,0.07198165637741348,0.046264080683411646
720,0.2641383525384256,0.07417452052459567,0.0719840226680399,0.04626928697173208
721,0.26414532786662553,0.07418194635328965,0.071986373571336,0.04627446179481268
722,0.2641522579174897,0.07418932712219987,0.07198870918981064,0.04627960533829529
723,0.2641591430320119,0.07419666310093825,0.07199102962597265,0.04628471778782177
724,0.2641659835511858,0.07420395455911662,0.07199333498233086,0.04628979932903399
725,0.2641727798159364,0.07421120176632415,0.07199562536138725,0.0462948501475627
726,0.2641795321256689,0.07421840497932167,0.07199790086202093,0.046299870422907674
727,0.2641862407395301,0.07422556444465861,0.07200016158098688,0.04630486033008582
728,0.2641929059302424,0.07423268041404017,0.07200240761682382,0.04630982004674962
729,0.26419952797052826,0.07423975313917157,0.0720046390680705,0.046314749750551526
730,0.2642061070804922,0.0742467828727522,0.07200685603994268,0.04631964961871472
